source_file,station_name,year,event_id,rising_time,rising_value(ML/day),peak_time,peak_value(ML/day),recession_time,recession_value(ML/day),n_points,duration_days
D:\workroom\GPLW\makeUP\downloaded_stations_data\003303A_Barcoo_River_at_Blackall\003303A_Barcoo_River_at_Blackall_003303A_daily_ts.csv,Barcoo River at Blackall 003303A,1969,Barcoo River at Blackall 003303A_1969_1,1969-10-27 00:00:00.000000000,0.0,1969-12-26 00:00:00.000000000,354.67016309235004,1969-12-31 00:00:00.000000000,11.1455422749846,66,66
D:\workroom\GPLW\makeUP\downloaded_stations_data\003303A_Barcoo_River_at_Blackall\003303A_Barcoo_River_at_Blackall_003303A_daily_ts.csv,Barcoo River at Blackall 003303A,1970,Barcoo River at Blackall 003303A_1970_2,1970-03-13 00:00:00.000000000,0.1727991050390956,1970-03-17 00:00:00.000000000,12256.726919983235,1970-04-10 00:00:00.000000000,0.1727991050390956,29,29
D:\workroom\GPLW\makeUP\downloaded_stations_data\003303A_Barcoo_River_at_Blackall\003303A_Barcoo_River_at_Blackall_003303A_daily_ts.csv,Barcoo River at Blackall 003303A,1971,Barcoo River at Blackall 003303A_1971_3,1971-01-31 00:00:00.000000000,174.1814978792602,1971-02-02 00:00:00.000000000,2884.9674581737017,1971-02-06 00:00:00.000000000,176.85988400707882,7,7
D:\workroom\GPLW\makeUP\downloaded_stations_data\003303A_Barcoo_River_at_Blackall\003303A_Barcoo_River_at_Blackall_003303A_daily_ts.csv,Barcoo River at Blackall 003303A,1972,Barcoo River at Blackall 003303A_1972_4,1972-11-23 00:00:00.000000000,5.356772256205015,1972-11-28 00:00:00.000000000,3750.258976659731,1972-12-24 00:00:00.000000000,5.615970913759024,32,32
D:\workroom\GPLW\makeUP\downloaded_stations_data\003303A_Barcoo_River_at_Blackall\003303A_Barcoo_River_at_Blackall_003303A_daily_ts.csv,Barcoo River at Blackall 003303A,1973,Barcoo River at Blackall 003303A_1973_5,1973-02-17 00:00:00.000000000,592.2689325187896,1973-02-19 00:00:00.000000000,9665.4315408192,1973-02-24 00:00:00.000000000,632.3583248905103,8,8
D:\workroom\GPLW\makeUP\downloaded_stations_data\003303A_Barcoo_River_at_Blackall\003303A_Barcoo_River_at_Blackall_003303A_daily_ts.csv,Barcoo River at Blackall 003303A,1974,Barcoo River at Blackall 003303A_1974_6,1974-01-07 00:00:00.000000000,685.3212505845252,1974-01-12 00:00:00.000000000,5393.924063784435,1974-01-19 00:00:00.000000000,689.4684291073355,13,13
D:\workroom\GPLW\makeUP\downloaded_stations_data\003303A_Barcoo_River_at_Blackall\003303A_Barcoo_River_at_Blackall_003303A_daily_ts.csv,Barcoo River at Blackall 003303A,1975,Barcoo River at Blackall 003303A_1975_7,1975-01-01 00:00:00.000000000,6.739165096496928,1975-01-06 00:00:00.000000000,1079.2168105177009,1975-01-21 00:00:00.000000000,5.702370466280889,21,21
D:\workroom\GPLW\makeUP\downloaded_stations_data\003303A_Barcoo_River_at_Blackall\003303A_Barcoo_River_at_Blackall_003303A_daily_ts.csv,Barcoo River at Blackall 003303A,1976,Barcoo River at Blackall 003303A_1976_8,1976-01-11 00:00:00.000000000,8.72635480446506,1976-01-16 00:00:00.000000000,2456.1664790194222,1976-02-27 00:00:00.000000000,6.220767781377323,48,48
D:\workroom\GPLW\makeUP\downloaded_stations_data\003303A_Barcoo_River_at_Blackall\003303A_Barcoo_River_at_Blackall_003303A_daily_ts.csv,Barcoo River at Blackall 003303A,1977,Barcoo River at Blackall 003303A_1977_9,1977-03-02 00:00:00.000000000,0.0,1977-03-13 00:00:00.000000000,4394.108442033529,1977-05-02 00:00:00.000000000,0.0,62,62
D:\workroom\GPLW\makeUP\downloaded_stations_data\003303A_Barcoo_River_at_Blackall\003303A_Barcoo_River_at_Blackall_003303A_daily_ts.csv,Barcoo River at Blackall 003303A,1978,Barcoo River at Blackall 003303A_1978_10,1978-07-09 00:00:00.000000000,0.0,1978-07-13 00:00:00.000000000,16140.732403913818,1978-11-22 00:00:00.000000000,0.0,137,137
D:\workroom\GPLW\makeUP\downloaded_stations_data\003303A_Barcoo_River_at_Blackall\003303A_Barcoo_River_at_Blackall_003303A_daily_ts.csv,Barcoo River at Blackall 003303A,1979,Barcoo River at Blackall 003303A_1979_11,1979-03-03 00:00:00.000000000,4.751975388569339,1979-03-08 00:00:00.000000000,2895.0762058179844,1979-03-25 00:00:00.000000000,5.183973151167078,23,23
D:\workroom\GPLW\makeUP\downloaded_stations_data\003303A_Barcoo_River_at_Blackall\003303A_Barcoo_River_at_Blackall_003303A_daily_ts.csv,Barcoo River at Blackall 003303A,1980,Barcoo River at Blackall 003303A_1980_12,1980-02-08 00:00:00.000000000,234.92038330035865,1980-02-10 00:00:00.000000000,1239.660779547247,1980-02-16 00:00:00.000000000,183.1670513409085,9,9
D:\workroom\GPLW\makeUP\downloaded_stations_data\003303A_Barcoo_River_at_Blackall\003303A_Barcoo_River_at_Blackall_003303A_daily_ts.csv,Barcoo River at Blackall 003303A,1981,Barcoo River at Blackall 003303A_1981_13,1981-05-31 00:00:00.000000000,17.539109161440408,1981-06-04 00:00:00.000000000,41698.15203689039,1981-06-17 00:00:00.000000000,18.74870289670017,18,18
D:\workroom\GPLW\makeUP\downloaded_stations_data\003303A_Barcoo_River_at_Blackall\003303A_Barcoo_River_at_Blackall_003303A_daily_ts.csv,Barcoo River at Blackall 003303A,1982,Barcoo River at Blackall 003303A_1982_14,1982-02-25 00:00:00.000000000,1.2095937352713528,1982-03-06 00:00:00.000000000,13335.770931380855,1982-03-28 00:00:00.000000000,1.2095937352713528,32,32
D:\workroom\GPLW\makeUP\downloaded_stations_data\003303A_Barcoo_River_at_Blackall\003303A_Barcoo_River_at_Blackall_003303A_daily_ts.csv,Barcoo River at Blackall 003303A,1983,Barcoo River at Blackall 003303A_1983_15,1983-05-18 00:00:00.000000000,10.10874764474539,1983-05-25 00:00:00.000000000,67970.78716574052,1983-09-06 00:00:00.000000000,10.022348092235111,112,112
D:\workroom\GPLW\makeUP\downloaded_stations_data\003303A_Barcoo_River_at_Blackall\003303A_Barcoo_River_at_Blackall_003303A_daily_ts.csv,Barcoo River at Blackall 003303A,1984,Barcoo River at Blackall 003303A_1984_16,1984-01-29 00:00:00.000000000,46.39655970294389,1984-02-01 00:00:00.000000000,7317.696500156735,1984-02-12 00:00:00.000000000,43.7181735748356,15,15
D:\workroom\GPLW\makeUP\downloaded_stations_data\003303A_Barcoo_River_at_Blackall\003303A_Barcoo_River_at_Blackall_003303A_daily_ts.csv,Barcoo River at Blackall 003303A,1985,Barcoo River at Blackall 003303A_1985_17,1985-12-06 00:00:00.000000000,7.603160621715575,1985-12-12 00:00:00.000000000,1067.9848686913642,1985-12-21 00:00:00.000000000,5.788770018802754,16,16
D:\workroom\GPLW\makeUP\downloaded_stations_data\003303A_Barcoo_River_at_Blackall\003303A_Barcoo_River_at_Blackall_003303A_daily_ts.csv,Barcoo River at Blackall 003303A,1986,Barcoo River at Blackall 003303A_1986_18,1986-02-06 00:00:00.000000000,323.56632418517376,1986-02-09 00:00:00.000000000,1300.9180622868828,1986-02-11 00:00:00.000000000,328.4910986788389,6,6
D:\workroom\GPLW\makeUP\downloaded_stations_data\003303A_Barcoo_River_at_Blackall\003303A_Barcoo_River_at_Blackall_003303A_daily_ts.csv,Barcoo River at Blackall 003303A,1987,Barcoo River at Blackall 003303A_1987_19,1987-01-27 00:00:00.000000000,33.43662682501172,1987-01-31 00:00:00.000000000,5367.658599820152,1987-02-08 00:00:00.000000000,29.030249646524044,13,13
D:\workroom\GPLW\makeUP\downloaded_stations_data\003303A_Barcoo_River_at_Blackall\003303A_Barcoo_River_at_Blackall_003303A_daily_ts.csv,Barcoo River at Blackall 003303A,1988,Barcoo River at Blackall 003303A_1988_20,1988-08-24 00:00:00.000000000,15.638319006040476,1988-08-25 00:00:00.000000000,698.1947839068192,1988-08-31 00:00:00.000000000,12.873533325363972,8,8
D:\workroom\GPLW\makeUP\downloaded_stations_data\003303A_Barcoo_River_at_Blackall\003303A_Barcoo_River_at_Blackall_003303A_daily_ts.csv,Barcoo River at Blackall 003303A,1989,Barcoo River at Blackall 003303A_1989_21,1989-03-15 00:00:00.000000000,18.662303344189898,1989-03-18 00:00:00.000000000,10872.346889955204,1989-04-10 00:00:00.000000000,20.217495289548705,27,27
D:\workroom\GPLW\makeUP\downloaded_stations_data\003303A_Barcoo_River_at_Blackall\003303A_Barcoo_River_at_Blackall_003303A_daily_ts.csv,Barcoo River at Blackall 003303A,1990,Barcoo River at Blackall 003303A_1990_22,1990-04-17 00:00:00.000000000,767.4008254750835,1990-04-21 00:00:00.000000000,129726.68171950296,1990-04-26 00:00:00.000000000,837.4708625684508,10,10
D:\workroom\GPLW\makeUP\downloaded_stations_data\003303A_Barcoo_River_at_Blackall\003303A_Barcoo_River_at_Blackall_003303A_daily_ts.csv,Barcoo River at Blackall 003303A,1991,Barcoo River at Blackall 003303A_1991_23,1991-01-01 00:00:00.000000000,0.8639955251954783,1991-01-08 00:00:00.000000000,2663.6118046215124,1991-01-25 00:00:00.000000000,0.950395077711551,25,25
D:\workroom\GPLW\makeUP\downloaded_stations_data\003303A_Barcoo_River_at_Blackall\003303A_Barcoo_River_at_Blackall_003303A_daily_ts.csv,Barcoo River at Blackall 003303A,1992,Barcoo River at Blackall 003303A_1992_24,1992-12-15 00:00:00.000000000,0.5183973151167077,1992-12-19 00:00:00.000000000,2772.734439453001,1992-12-31 00:00:00.000000000,0.7775959726736135,17,17
D:\workroom\GPLW\makeUP\downloaded_stations_data\003303A_Barcoo_River_at_Blackall\003303A_Barcoo_River_at_Blackall_003303A_daily_ts.csv,Barcoo River at Blackall 003303A,1993,Barcoo River at Blackall 003303A_1993_25,1993-12-04 00:00:00.000000000,0.1727991050390956,1993-12-12 00:00:00.000000000,7473.3884938416595,1993-12-31 00:00:00.000000000,4.233578073449735,28,28
D:\workroom\GPLW\makeUP\downloaded_stations_data\003303A_Barcoo_River_at_Blackall\003303A_Barcoo_River_at_Blackall_003303A_daily_ts.csv,Barcoo River at Blackall 003303A,1994,Barcoo River at Blackall 003303A_1994_26,1994-01-27 00:00:00.000000000,1.8143906029070287,1994-02-03 00:00:00.000000000,7608.776592625847,1994-03-29 00:00:00.000000000,1.5551919453472274,62,62
D:\workroom\GPLW\makeUP\downloaded_stations_data\003303A_Barcoo_River_at_Blackall\003303A_Barcoo_River_at_Blackall_003303A_daily_ts.csv,Barcoo River at Blackall 003303A,1995,Barcoo River at Blackall 003303A_1995_27,1995-02-04 00:00:00.000000000,0.0863995525195478,1995-02-10 00:00:00.000000000,7442.025456286799,1995-03-11 00:00:00.000000000,0.0,36,36
D:\workroom\GPLW\makeUP\downloaded_stations_data\003303A_Barcoo_River_at_Blackall\003303A_Barcoo_River_at_Blackall_003303A_daily_ts.csv,Barcoo River at Blackall 003303A,1996,Barcoo River at Blackall 003303A_1996_28,1996-01-08 00:00:00.000000000,1327.1835262511663,1996-01-11 00:00:00.000000000,46541.710951126406,1996-01-14 00:00:00.000000000,1138.6597026528827,7,7
D:\workroom\GPLW\makeUP\downloaded_stations_data\003303A_Barcoo_River_at_Blackall\003303A_Barcoo_River_at_Blackall_003303A_daily_ts.csv,Barcoo River at Blackall 003303A,1997,Barcoo River at Blackall 003303A_1997_29,1997-01-20 00:00:00.000000000,0.0,1997-02-02 00:00:00.000000000,72023.876573859,1997-10-23 00:00:00.000000000,0.0,277,277
D:\workroom\GPLW\makeUP\downloaded_stations_data\003303A_Barcoo_River_at_Blackall\003303A_Barcoo_River_at_Blackall_003303A_daily_ts.csv,Barcoo River at Blackall 003303A,1998,Barcoo River at Blackall 003303A_1998_30,1998-10-31 00:00:00.000000000,618.01599916917,1998-11-03 00:00:00.000000000,1728.50944770486,1998-11-05 00:00:00.000000000,499.9942104297011,6,6
D:\workroom\GPLW\makeUP\downloaded_stations_data\003303A_Barcoo_River_at_Blackall\003303A_Barcoo_River_at_Blackall_003303A_daily_ts.csv,Barcoo River at Blackall 003303A,1999,Barcoo River at Blackall 003303A_1999_31,1999-02-17 00:00:00.000000000,0.0,1999-03-03 00:00:00.000000000,6341.122358069904,1999-09-08 00:00:00.000000000,0.0,204,204
D:\workroom\GPLW\makeUP\downloaded_stations_data\003303A_Barcoo_River_at_Blackall\003303A_Barcoo_River_at_Blackall_003303A_daily_ts.csv,Barcoo River at Blackall 003303A,2000,Barcoo River at Blackall 003303A_2000_32,2000-12-09 00:00:00.000000000,0.0,2000-12-18 00:00:00.000000000,4542.542873260092,2000-12-31 00:00:00.000000000,7.862359279246414,23,23
D:\workroom\GPLW\makeUP\downloaded_stations_data\003303A_Barcoo_River_at_Blackall\003303A_Barcoo_River_at_Blackall_003303A_daily_ts.csv,Barcoo River at Blackall 003303A,2001,Barcoo River at Blackall 003303A_2001_33,2001-02-01 00:00:00.000000000,18.05750647656001,2001-02-04 00:00:00.000000000,2065.9860998436097,2001-02-14 00:00:00.000000000,19.180700659309498,14,14
D:\workroom\GPLW\makeUP\downloaded_stations_data\003303A_Barcoo_River_at_Blackall\003303A_Barcoo_River_at_Blackall_003303A_daily_ts.csv,Barcoo River at Blackall 003303A,2002,Barcoo River at Blackall 003303A_2002_34,2002-01-07 00:00:00.000000000,98.84108808218662,2002-01-10 00:00:00.000000000,5929.6012894118885,2002-01-16 00:00:00.000000000,103.16106570827988,10,10
D:\workroom\GPLW\makeUP\downloaded_stations_data\003303A_Barcoo_River_at_Blackall\003303A_Barcoo_River_at_Blackall_003303A_daily_ts.csv,Barcoo River at Blackall 003303A,2003,Barcoo River at Blackall 003303A_2003_35,2003-01-01 00:00:00.000000000,0.0,2003-02-13 00:00:00.000000000,7710.382466394156,2003-03-18 00:00:00.000000000,0.0,77,77
D:\workroom\GPLW\makeUP\downloaded_stations_data\003303A_Barcoo_River_at_Blackall\003303A_Barcoo_River_at_Blackall_003303A_daily_ts.csv,Barcoo River at Blackall 003303A,2004,Barcoo River at Blackall 003303A_2004_36,2004-01-01 00:00:00.000000000,0.0,2004-01-14 00:00:00.000000000,39302.63804377141,2004-03-05 00:00:00.000000000,0.0,65,65
D:\workroom\GPLW\makeUP\downloaded_stations_data\003303A_Barcoo_River_at_Blackall\003303A_Barcoo_River_at_Blackall_003303A_daily_ts.csv,Barcoo River at Blackall 003303A,2005,Barcoo River at Blackall 003303A_2005_37,2005-05-22 00:00:00.000000000,0.0,2005-06-23 00:00:00.000000000,653.1806170472256,2005-07-11 00:00:00.000000000,0.0,51,51
D:\workroom\GPLW\makeUP\downloaded_stations_data\003303A_Barcoo_River_at_Blackall\003303A_Barcoo_River_at_Blackall_003303A_daily_ts.csv,Barcoo River at Blackall 003303A,2006,Barcoo River at Blackall 003303A_2006_38,2006-04-13 00:00:00.000000000,2.073589260466832,2006-04-16 00:00:00.000000000,5799.829161537971,2006-04-25 00:00:00.000000000,1.8143906029070287,13,13
D:\workroom\GPLW\makeUP\downloaded_stations_data\003303A_Barcoo_River_at_Blackall\003303A_Barcoo_River_at_Blackall_003303A_daily_ts.csv,Barcoo River at Blackall 003303A,2007,Barcoo River at Blackall 003303A_2007_39,2007-11-26 00:00:00.000000000,59.44289213344428,2007-12-03 00:00:00.000000000,6542.778913630055,2007-12-08 00:00:00.000000000,48.98854627848399,13,13
D:\workroom\GPLW\makeUP\downloaded_stations_data\003303A_Barcoo_River_at_Blackall\003303A_Barcoo_River_at_Blackall_003303A_daily_ts.csv,Barcoo River at Blackall 003303A,2008,Barcoo River at Blackall 003303A_2008_40,2008-01-15 00:00:00.000000000,5.443171808721087,2008-01-19 00:00:00.000000000,55090.773873865866,2008-02-25 00:00:00.000000000,5.097573598645214,42,42
D:\workroom\GPLW\makeUP\downloaded_stations_data\003303A_Barcoo_River_at_Blackall\003303A_Barcoo_River_at_Blackall_003303A_daily_ts.csv,Barcoo River at Blackall 003303A,2009,Barcoo River at Blackall 003303A_2009_41,2009-03-28 00:00:00.000000000,0.0,2009-04-14 00:00:00.000000000,3652.800281414233,2009-12-01 00:00:00.000000000,0.0,249,249
D:\workroom\GPLW\makeUP\downloaded_stations_data\003303A_Barcoo_River_at_Blackall\003303A_Barcoo_River_at_Blackall_003303A_daily_ts.csv,Barcoo River at Blackall 003303A,2010,Barcoo River at Blackall 003303A_2010_42,2010-12-19 00:00:00.000000000,344.647814999999,2010-12-21 00:00:00.000000000,42194.2582674774,2010-12-31 00:00:00.000000000,14989.02636884173,13,13
D:\workroom\GPLW\makeUP\downloaded_stations_data\003303A_Barcoo_River_at_Blackall\003303A_Barcoo_River_at_Blackall_003303A_daily_ts.csv,Barcoo River at Blackall 003303A,2011,Barcoo River at Blackall 003303A_2011_43,2011-03-17 00:00:00.000000000,60.99808407862932,2011-03-22 00:00:00.000000000,22491.27231322298,2011-04-04 00:00:00.000000000,62.726075128834914,19,19
D:\workroom\GPLW\makeUP\downloaded_stations_data\003303A_Barcoo_River_at_Blackall\003303A_Barcoo_River_at_Blackall_003303A_daily_ts.csv,Barcoo River at Blackall 003303A,2012,Barcoo River at Blackall 003303A_2012_44,2012-01-30 00:00:00.000000000,1071.35445124332,2012-02-05 00:00:00.000000000,102103.1895873834,2012-02-10 00:00:00.000000000,578.8770018802754,12,12
D:\workroom\GPLW\makeUP\downloaded_stations_data\003303A_Barcoo_River_at_Blackall\003303A_Barcoo_River_at_Blackall_003303A_daily_ts.csv,Barcoo River at Blackall 003303A,2013,Barcoo River at Blackall 003303A_2013_45,2013-01-01 00:00:00.000000000,17.107111398831083,2013-01-01 00:00:00.000000000,17.107111398831083,2013-01-01 00:00:00.000000000,17.107111398831083,1,1
D:\workroom\GPLW\makeUP\downloaded_stations_data\003303A_Barcoo_River_at_Blackall\003303A_Barcoo_River_at_Blackall_003303A_daily_ts.csv,Barcoo River at Blackall 003303A,2014,Barcoo River at Blackall 003303A_2014_46,2014-04-06 00:00:00.000000000,0.0,2014-12-16 00:00:00.000000000,2464.288036956547,2014-12-31 00:00:00.000000000,0.6047968676356764,270,270
D:\workroom\GPLW\makeUP\downloaded_stations_data\003303A_Barcoo_River_at_Blackall\003303A_Barcoo_River_at_Blackall_003303A_daily_ts.csv,Barcoo River at Blackall 003303A,2015,Barcoo River at Blackall 003303A_2015_47,2015-12-29 00:00:00.000000000,238.2035662957492,2015-12-31 00:00:00.000000000,1774.9060074034594,2015-12-31 00:00:00.000000000,1774.9060074034594,3,3
